user_id,username,first_name,last_name,user_message,bot_response
1624490023,reagan_c,Reagan,,Hey,Hey
1624490023,reagan_c,Reagan,,Whats my last name,Whats my last name
1624490023,reagan_c,Reagan,,Whats up,
1624490023,reagan_c,Reagan,,Whats up,"ChatCompletionMessage(content=""Hello! I'm here to help you with any questions or information you need. What’s on your mind?"", role='assistant', function_call=None, tool_calls=None)"
1624490023,reagan_c,Reagan,,/help,Help!
1624490023,reagan_c,Reagan,,/start,Hi!
1624490023,reagan_c,Reagan,,/start,Hi!
1624490023,reagan_c,Reagan,,Fr,"ChatCompletionMessage(content='It looks like your message got cut off. How can I assist you today?', role='assistant', function_call=None, tool_calls=None)"
1624490023,reagan_c,Reagan,,Hihi,Hello! How can I assist you today?
1624490023,reagan_c,Reagan,,Tell me about Singapore,"Singapore is a city-state and island country located in Southeast Asia. It is situated at the southern tip of the Malay Peninsula, separated from Malaysia by the Johor Strait to the north and from the Indonesian Riau Islands to the south. Here are some key aspects of Singapore:

### Geography
- **Size**: Singapore is one of the smallest countries in the world, with a total land area of approximately 728.6 square kilometers (281.3 square miles).
- **Islands**: Singapore comprises the main island and about 63 smaller islands, some of which are uninhabited.
- **Climate**: The country has a tropical rainforest climate, characterized by high humidity, temperatures averaging around 25°C to 31°C (77°F to 88°F), and frequent rainfall throughout the year.

### History
- **Colonial Era**: Singapore was founded as a British trading post in 1819 by Sir Stamford Raffles. It became a significant port and naval base during the British colonial period.
- **World War II**: The Japanese occupied Singapore from 1942 to 1945 during World War II. The experience led to a rise in nationalist sentiments.
- **Independence**: Singapore became a self-governing state in 1959 and joined the Federation of Malaysia in 1963. However, it separated from Malaysia and became an independent republic on August 9, 1965.

### Government and Politics
- **Political System**: Singapore has a parliamentary system of government. The People's Action Party (PAP) has been the dominant political party since the country's independence.
- **Leadership**: The President serves as the head of state, while the Prime Minister is the head of government. 

### Economy
- **Economic Model**: Singapore operates a highly developed and free-market economy. It is known for its efficient regulatory framework, lack of corruption, and pro-business policies.
- **Key Industries**: Major sectors include finance, manufacturing, trade, and tourism. The Port of Singapore is one of the busiest in the world.
- **Global Hub**: The country is a significant financial hub and serves as a major gateway for trade in Asia.

### Culture
- **Multicultural Society**: Singapore is a melting pot of cultures, with a population that includes major ethnic groups such as Chinese, Malays, Indians, and others. Official languages include English, Mandarin, Malay, and Tamil.
- **Festivals and Cuisine**: Diverse cultural festivals are celebrated, including Chinese New Year, Hari Raya Puasa, Deepavali, and Christmas. Singaporean cuisine features a mix of Malay, Chinese, Indian, and Western influences, with popular dishes including Hainanese chicken rice, laksa, and chili crab.

### Education and Healthcare
- **Education System**: Singapore is known for its strong education system, which consistently ranks highly in global assessments. The country emphasizes STEM (science, technology, engineering, and mathematics) education.
- **Healthcare**: The healthcare system in Singapore is highly regarded, providing universal access to healthcare services through a mixed system of public and private providers.

### Tourism
- **Attractions**: Key tourist attractions include Marina Bay Sands, Gardens by the Bay, the Singapore Zoo, Sentosa Island, and the iconic Merlion statue.
- **Shopping and Dining**: Singapore is famous for its shopping districts like Orchard Road and its diverse culinary scene, including hawker centers that offer affordable local eats.

### Environment and Sustainability
- **Green City**: Singapore is often referred to as a ""Garden City"" due to its extensive urban greenery and parks. The government has made significant efforts to promote sustainability and environmental conservation.

Overall, Singapore is known for its high standard of living, vibrant culture, and robust economy. It has positioned itself as a global city and a key player in international trade and finance."
1624490023,reagan_c,Reagan,,Repeat what u said in Chinese,请问您希望我重复什么内容？
